Workbook
Name enum_ListDays: #REF!
Name enum_ListIdentifier: #REF!
Name enum_ListMonth: #REF!
Name enum_ListOfCurrencies: #REF!
Name enum_ListYear: #REF!
Name FuelList: tblConversions[Item]
Name FuelList: tblConversions[Item]
Name FuelList: tblConversions[Item]
Name FuelList: tblConversions[Item]
Name FuelList: tblConversions[Item]
Name FuelList: tblConversions[Item]
Name template_label_always_to_be_reported: #REF!
Name template_label_currency_of_the_monetary_values_in_the_report: #REF!
Name template_label_description_of_how_it_applies_these_principles: #REF!
Name template_label_ending_month: #REF!
Name template_label_ending_year: #REF!
Name template_label_identifier_of_the_reporting_entity: #REF!
Name template_label_information_on_the_report_necessary_for_xbrl: #REF!
Name template_label_name_of_the_reporting_entity: #REF!
Name template_label_reporting_period_end_date: #REF!
Name template_label_reporting_period_start_date: #REF!
Name template_label_starting_day: #REF!
Name template_label_starting_month: #REF!
Name template_label_starting_year: #REF!
Name template_label_undertaking_applies_circular_economy_principles: #REF!

Sheet Home
C2: TEXTILE EXPORTER ENVIRONMENTAL DASHBOARD
B4: ∷ | C4: ⚡ Energy | D4: 🌱Carbon Footprint | E4: 💧Water | F4: 🗑️ Waste & Materials | G4: 🌏 Biodiversity
C6: =Metrics!C15 -> 928.7775 | D6: =Waste_Materials!$H$19 -> 7.5:5.1 | E6: =Water!$C$6 -> 185 m3 | F6: =Biodiversity!F6 -> 0.89285714 | G6: =Waste_Materials!$D$6 -> 0.08 MT
C7: ENERGY USE MWh/MN$ | D7: RECYCLED/DISPOSED | E7: WATER CONSUMPTION | F7: LAND IN SENSITIVE AREA | G7: HAZARDOUS WASTE
H18: =Water!$H$18 -> Anticipated effect from water & marine resources
H19: =Water!$H$19 -> 100000

Sheet Energy
C2: TEXTILE EXPORTER ENVIRONMENTAL DASHBOARD
B4: ∷ | C4: ⚡ Energy | D4: 🌱Carbon Footprint | E4: 💧Water | F4: 🗑️ Waste & Materials | G4: 🌏 Biodiversity
C6: =Metrics!C8 -> 5000000 | E6: =Metrics!C14 -> 4643.8875 | F6: =Metrics!C43 -> 0.5 | G6: 0.17
C7: REVENUE BASELINE | E7: TOTAL ENERGY (MWh) | F7: RENEWABLE TARGET | G7: TARGET ACHIEVED
H18: Total energy use per $million of revenue
H19: =Metrics!C15 -> 928.7775

Sheet Carbon
C2: TEXTILE EXPORTER ENVIRONMENTAL DASHBOARD
B4: ∷ | C4: ⚡ Energy | D4: 🌱Carbon Footprint | E4: 💧Water | F4: 🗑️ Waste & Materials | G4: 🌏 Biodiversity
C6: =Metrics!C30 -> 10.120025 | E6: =Metrics!C29 -> 50.600127 | F6: =Metrics!C40 -> 0.1 | G6: =Metrics!C42 -> 100000
C7: EMISSIONS INTENSITY PER $MN OF REVENUE | E7: TOTAL GHG IN tCO2e | F7: GHG REDUCTION TARGET | G7: INVESTMENT TARGET
H18: =Metrics!B41 -> Financial effects from climate risks (in $US)
H19: =Metrics!C41 -> 250000

Sheet Water
C2: TEXTILE EXPORTER ENVIRONMENTAL DASHBOARD
B4: ∷ | C4: ⚡ Energy | D4: 🌱Carbon Footprint | E4: 💧Water | F4: 🗑️ Waste & Materials | G4: 🌏 Biodiversity
C6: =_xlfn.CONCAT(Metrics!C52," ", ROUGH!C2) -> 185 m3 | E6: =Metrics!C51/Metrics!C52 -> 1 | F6: =Metrics!C59 -> -0.3 | G6: =Metrics!C60 -> -0.25
C7: TOTAL WATER CONSUMPTION | E7: RECYCLE RATIO | F7: WITHDRAWAL TARGET | G7: DISCHARGE TARGET
H18: =Metrics!B61 -> Anticipated effect from water & marine resources
H19: =Metrics!C61 -> 100000

Sheet Waste_Materials
C2: TEXTILE EXPORTER ENVIRONMENTAL DASHBOARD
B4: ∷ | C4: ⚡ Energy | D4: 🌱Carbon Footprint | E4: 💧Water | F4: 🗑️ Waste & Materials | G4: 🌏 Biodiversity
C6: =_xlfn.CONCAT(Metrics!C70," ", ROUGH!C3) -> 12.5525 MT | D6: =_xlfn.CONCAT(Metrics!C79," ", ROUGH!C3) -> 0.08 MT | E6: =Metrics!C91 -> 0.17391304 | F6: =_xlfn.CONCAT(Metrics!C94," ", ROUGH!C3) -> 182 MT | G6: =_xlfn.CONCAT(Metrics!C88," ", ROUGH!C3) -> 29 MT
C7: NON-HAZARDOUS WASTE | D7: HAZARDOUS WASTE | E7: SINGLE-USE MATERIALS | F7: MATERIAL USED | G7: RECYCLED MATERIAL
H18: RECYCLED WASTE VS DISPOSED WASTE RATIO
H19: =ROUGH!F2 & ":" & ROUGH!F3 -> 7.5:5.1

Sheet Biodiversity
C2: TEXTILE EXPORTER ENVIRONMENTAL DASHBOARD
B4: ∷ | C4: ⚡ Energy | D4: 🌱Carbon Footprint | E4: 💧Water | F4: 🗑️ Waste & Materials | G4: 🌏 Biodiversity
C6: =Metrics!C10 -> Mumbai | E6: =_xlfn.CONCAT(Metrics!C100," ",ROUGH!C4) -> 280 m2 | F6: =Metrics!C98/Metrics!C100 -> 0.89285714 | G6: =_xlfn.CONCAT(Metrics!C99," ",ROUGH!C4) -> 30 m2
C7: LOCATION OF MANUFACTURING PLANT | E7: SIZE OF FACILITY | F7: LAND IN SENSITIVE AREA | G7: SEALED/ARTIFICIAL AREA
F9: POLICY CHECK
F12: =Metrics!B103 -> Does the Organisation Source Priority Raw Materials From Deforestation Free Areas? | G12: =Metrics!C103 -> YES
F15: =Metrics!B104 -> Any Incidents of Deforestation? | G15: =Metrics!C104 -> NO
F17: =Metrics!B105 -> Any Species Under Global Extinction Risk Affected? | G17: =Metrics!C105 -> NO
H18: =Metrics!B61 -> Anticipated effect from water & marine resources
H19: =Metrics!C61 -> 100000

Sheet Metrics
A1: SECTION IDs | B1: Metric Names | C1: Values | D1: Validation | E1: Remarks (if any)
A3: A | B3: GENERAL INFORMATION
A4: A.1 | B4: ABOUT THE COMPANY
A5: A.1.1 | B5: Name of the reporting entity | C5: Textile Exporter | D5: =IF(C5="",ROUGH!$C$6,ROUGH!$C$7) -> OK
A6: A.1.2 | B6: Company registration no | C6: DUMMY_NO | D6: =IF(C6="",ROUGH!$C$6,ROUGH!$C$7) -> OK
A7: A.1.3 | B7: Company Type | C7: LLP | D7: =IF(C7="",ROUGH!$C$6,ROUGH!$C$7) -> OK
A8: A.1.4 | B8: Company Revenue (as per last annual report) | C8: 5000000 | D8: =IF(C8="",ROUGH!$C$6,ROUGH!$C$7) -> OK
A9: A.1.5 | B9: Revenue Currency Code | C9: US dollar | D9: =IF(C9="",ROUGH!$C$6,ROUGH!$C$7) -> OK | E9: Revenue currency is used in dollars due to availability of most emission factors in dollar values
A10: A.1.6 | B10: Location of Manufacturing Plant | C10: Mumbai | D10: =IF(C10="",ROUGH!$C$6,ROUGH!$C$7) -> OK
A12: B | B12: CLIMATE CHANGE
A13: B.1 | B13: Energy
A14: B.1.1 | B14: Total energy consumption (in MWh) | C14: =SUM(Inputs!L6:L14) -> 4643.8875 | D14: =IF(C14="",ROUGH!$C$6,ROUGH!$C$7) -> OK
A15: B.1.2 | B15: Total energy use per $million of revenue | C15: =(C14/(C8/1000000)) -> 928.7775 | D15: =IF(C15="",ROUGH!$C$6,ROUGH!$C$7) -> OK
A16: B.1.3 | B16: Percentage of renewable energy (on-site) | C16: =(SUM(Inputs!N6:N14)/C14) -> 0.1292021 | D16: =IF(C16="",ROUGH!$C$6,ROUGH!$C$7) -> OK
A17: B.1.4 | B17: Total Electricity Consumption | C17: =SUM(Inputs!L6:L8) -> 4600 | D17: =IF(C17="",ROUGH!$C$6,ROUGH!$C$7) -> OK
A18: B.1.5 | B18: Total Renewable Electricity | C18: =SUM(Inputs!N6:N8) -> 600 | D18: =IF(C18="",ROUGH!$C$6,ROUGH!$C$7) -> OK
A19: B.1.6 | B19: Total Non-Renewable Electricity | C19: =SUM(Inputs!O6:O8) -> 4000 | D19: =IF(C19="",ROUGH!$C$6,ROUGH!$C$7) -> OK
A20: B.1.7 | B20: Fuel used (on-site) in MWh | C20: =SUM(Inputs!N11:O14) -> 43.8875 | D20: =IF(C20="",ROUGH!$C$6,ROUGH!$C$7) -> OK
A22: B.2 | B22: Green House Gas Emissions
A23: B.2.1 | B23: Gross Scope 1 GHG emissions in tCO2e (Direct) | C23: =SUMIFS(Inputs!M:M, Inputs!D:D, "Scope 1") -> 23.964548 | D23: =IF(C23="",ROUGH!$C$6,ROUGH!$C$7) -> OK
A24: B.2.2 | B24: Gross Scope 2 GHG emissions in tCO2e (Location-based) | C24: =SUMIFS(Inputs!M:M, Inputs!D:D, "Scope 2: Location") -> 3.24 | D24: =IF(C24="",ROUGH!$C$6,ROUGH!$C$7) -> OK
A25: B.2.3 | B25: Gross Indirect Scope 3 GHG emissions in tCO2e (Business Travels) | C25: =SUMIFS(Inputs!M:M, Inputs!D:D, "Scope 3", Inputs!E:E, "Business Travels") -> 19.320179 | D25: =IF(C25="",ROUGH!$C$6,ROUGH!$C$7) -> OK
A26: B.2.4 | B26: Gross Indirect Scope 3 GHG emissions in tCO2e (Upstream Transport) | C26: =SUMIFS(Inputs!M:M, Inputs!D:D, "Scope 3", Inputs!E:E, "Upstream Transport") -> 4.0754 | D26: =IF(C26="",ROUGH!$C$6,ROUGH!$C$7) -> OK
A27: B.2.5 | B27: Total GHG emissions in tCO2e (Scope 1 + 2) | C27: =SUM(C23:C24) -> 27.204548 | D27: =IF(C27="",ROUGH!$C$6,ROUGH!$C$7) -> OK
A28: B.2.6 | B28: Total GHG emissions in tCO2e (Scope 3) | C28: =C25+C26 -> 23.395579 | D28: =IF(C28="",ROUGH!$C$6,ROUGH!$C$7) -> OK
A29: B.2.7 | B29: Total GHG emssions in tCO2e (Scope 1+Scope 2+ Scope3) | C29: =C27+C28 -> 50.600127 | D29: =IF(C29="",ROUGH!$C$6,ROUGH!$C$7) -> OK
A30: B.2.8 | B30: GHG emissions intensity (per $million of revenue): | C30: =C29 / (C8 / 1000000) -> 10.120025 | D30: =IF(C30="",ROUGH!$C$6,ROUGH!$C$7) -> OK
A31: B.2.9 | B31: GHG Removals / Carbon credits retired: | C31: =SUMIFS(Inputs!M:M, Inputs!D:D, "Removals") -> -100 | D31: =IF(C31="",ROUGH!$C$6,ROUGH!$C$7) -> OK
A33: B.3 | B33: Pollution to Air, Water and Soil
A34: B.3.1 | B34: Air pollutant Nitrogen Oxides (NOx) in kg | C34: =SUMIFS(Inputs!L:L, Inputs!E:E,"NOx") -> 50 | D34: =IF(C34="",ROUGH!$C$6,ROUGH!$C$7) -> OK
A35: B.3.2 | B35: Air pollutants (SOx) in kg | C35: =SUMIFS(Inputs!L:L, Inputs!E:E, "SOx") -> 20 | D35: =IF(C35="",ROUGH!$C$6,ROUGH!$C$7) -> OK
A36: B.3.3 | B36: Particulate Matter (PM10 / PM2.5) in kg | C36: =SUMIFS(Inputs!L:L, Inputs!E:E, "PM10/PM2.5") -> 100 | D36: =IF(C36="",ROUGH!$C$6,ROUGH!$C$7) -> OK
A37: B.3.4 | B37: Emissions to water in kg (for e.g. Nitrates) | C37: =SUMIFS(Inputs!L:L, Inputs!B:B, Metrics!B37) -> 125 | D37: =IF(C37="",ROUGH!$C$6,ROUGH!$C$7) -> OK
A39: B.4 | B39: Climate Goals and Risks
A40: B.3.1 | B40: GHG reduction target and time frame (per cent per year) | C40: =_xlfn.XLOOKUP(Metrics!B40, Inputs!B:B, Inputs!L:L, "") -> 0.1 | D40: =IF(C40="",ROUGH!$C$6,ROUGH!$C$7) -> OK
A41: B.3.2 | B41: Financial effects from climate risks (in $US) | C41: =_xlfn.XLOOKUP(Metrics!B41, Inputs!B:B, Inputs!L:L, "") -> 250000 | D41: =IF(C41="",ROUGH!$C$6,ROUGH!$C$7) -> OK
A42: B.3.3 | B42: Investment allocated to transition plan (in $US) | C42: =_xlfn.XLOOKUP(Metrics!B42, Inputs!B:B, Inputs!L:L, "") -> 100000 | D42: =IF(C42="",ROUGH!$C$6,ROUGH!$C$7) -> OK
A43: B.3.4 | B43: Increase Renewable Electricity by 2027 | C43: 0.5 | D43: =IF(C43="",ROUGH!$C$6,ROUGH!$C$7) -> OK
A45: C | B45: WATER AND MARINE RESOURCES
A46: C.1 | B46: Water withdrawls
A47: C.1.1 | B47: Total water withdrawal from all sites (in cubic metres) | C47: =SUMIFS(Inputs!O:O,Inputs!D:D, "Withdrawal") -> 250 | D47: =IF(C47="",ROUGH!$C$6,ROUGH!$C$7) -> OK | E47: Does not include recycled water
A48: C.1.2 | B48: Water withdrawn from high water-stress areas (in cubic metres) | C48: =SUMIFS(Inputs!O:O,Inputs!B:B, "Water withdrawn from high water-stress areas", Inputs!D:D, "Withdrawal") -> 50 | D48: =IF(C48="",ROUGH!$C$6,ROUGH!$C$7) -> OK | E48: Is part of total water withdrawal
A49: C.1.3 | B49: Total water discharged (in cubic metres) | C49: =SUMIFS(Inputs!O:O,Inputs!D:D, "Discharge", Inputs!B:B, "Wastewater") -> 65 | D49: =IF(C49="",ROUGH!$C$6,ROUGH!$C$7) -> OK | E49: Total water discharged after recycling
A50: C.1.4 | B50: Water discharged to oceans (in cubic metres) | C50: =SUMIFS(Inputs!O:O,Inputs!B:B, "Watewater to oceans", Inputs!D:D, "Discharge") -> 35 | D50: =IF(C50="",ROUGH!$C$6,ROUGH!$C$7) -> OK | E50: Water discharged to oceans is part of total water discharged
A51: C.1.5 | B51: Total water/wastewater recycled and reused (in cubic metres) | C51: =SUMIFS(Inputs!N:N,Inputs!D:D, "Withdrawal") -> 185 | D51: =IF(C51="",ROUGH!$C$6,ROUGH!$C$7) -> OK | E51: Total recycled and reused water
A52: C.1.6 | B52: Total net water consumption (in cubic meters) | C52: =C47-C49 -> 185 | D52: =IF(C52="",ROUGH!$C$6,ROUGH!$C$7) -> OK | E52: Total Withdrawal-Total Discharge
A53: C.1.7 | B53: Water intensity (litres consumed per $million of revenue) | C53: =C52/ (C8/ 1000000) -> 37 | D53: =IF(C53="",ROUGH!$C$6,ROUGH!$C$7) -> OK | E53: Net Consumption/Total Revenue
A55: C.2 | B55: Marine Resources
A56: C.2.1 | B56: Marine resources extracted and utilised (gravels, deep-sea minerals, seafood, etc) | C56: =_xlfn.XLOOKUP(Metrics!B56, Inputs!B:B, Inputs!L:L, "") -> 0 | D56: =IF(C56="",ROUGH!$C$6,ROUGH!$C$7) -> OK
A58: C.3 | B58: Targets and risks
A59: C.3.1 | B59: Water withdrawal reduction target and time frame (per cent per year) | C59: =_xlfn.XLOOKUP(Metrics!B59, Inputs!B:B, Inputs!L:L, "") -> -0.3 | D59: =IF(C59="",ROUGH!$C$6,ROUGH!$C$7) -> OK | E59: Does not include recycled water
A60: C.3.2 | B60: Water discharge reduction target and time frame (per cent per year) | C60: =_xlfn.XLOOKUP(Metrics!B60, Inputs!B:B, Inputs!L:L, "") -> -0.25 | D60: =IF(C60="",ROUGH!$C$6,ROUGH!$C$7) -> OK | E60: Does not include recycled water
A61: C.3.3 | B61: Anticipated effect from water & marine resources | C61: =_xlfn.XLOOKUP(Metrics!B61, Inputs!B:B, Inputs!L:L, "") -> 100000 | D61: =IF(C61="",ROUGH!$C$6,ROUGH!$C$7) -> OK | E61: In US dollars
A63: D | B63: CIRCULAR ECONOMY AND WASTE MANAGEMENT
A64: D.1 | B64: Non-hazardous waste
A65: D.1.1 | B65: Non-hazardous waste reused (in tonnes) | C65: =SUMIFS(Inputs!L:L, Inputs!C:C, "Waste", Inputs!E:E, "Non-Hazardous Waste", Inputs!D:D, "Reused") -> 7.5025 | D65: =IF(C65="",ROUGH!$C$6,ROUGH!$C$7) -> OK | E65: Tonnes
A66: D.1.2 | B66: Non-hazardous waste recycled (in tonnes) | C66: =SUMIFS(Inputs!L:L, Inputs!C:C, "Waste", Inputs!E:E, "Non-Hazardous Waste", Inputs!D:D, "Recycled") -> 2.005 | D66: =IF(C66="",ROUGH!$C$6,ROUGH!$C$7) -> OK | E66: Tonnes
A67: D.1.3 | B67: Non-hazardous waste disposed by incineration (in tonnes) | C67: =SUMIFS(Inputs!L:L, Inputs!C:C, "Waste", Inputs!E:E, "Non-Hazardous Waste", Inputs!D:D, "Incineration") -> 0 | D67: =IF(C67="",ROUGH!$C$6,ROUGH!$C$7) -> OK | E67: Tonnes
A68: D.1.4 | B68: Non-hazardous waste disposed by landfilling (in tonnes) | C68: =SUMIFS(Inputs!L:L, Inputs!C:C, "Waste", Inputs!E:E, "Non-Hazardous Waste", Inputs!D:D, "Landfilling") -> 3.045 | D68: =IF(C68="",ROUGH!$C$6,ROUGH!$C$7) -> OK | E68: Tonnes
A69: D.1.5 | B69: Non-haz waste disposed by other methods (in tonnes) | C69: =SUMIFS(Inputs!L:L, Inputs!C:C, "Waste", Inputs!E:E, "Non-Hazardous Waste", Inputs!D:D, "Other Methods") -> 0 | D69: =IF(C69="",ROUGH!$C$6,ROUGH!$C$7) -> OK | E69: Tonnes
A70: D.1.6 | B70: Total non-hazardous waste generated (in tonnes) | C70: =SUM(C65:C69) -> 12.5525 | D70: =IF(C70="",ROUGH!$C$6,ROUGH!$C$7) -> OK | E70: Tonnes
A72: D.2 | B72: Hazardous waste
A73: D.2.1 | B73: PPFAS in effluents (in tonnes) | C73: =SUMIFS(Inputs!L:L, Inputs!C:C, "Waste", Inputs!E:E, "Hazardous Waste", Inputs!D:D, "Water Emission") -> 0.005 | D73: =IF(C73="",ROUGH!$C$6,ROUGH!$C$7) -> OK | E73: Tonnes
A74: D.2.2 | B74: Hazardous waste incinerated (in tonnes) | C74: =SUMIFS(Inputs!L:L, Inputs!C:C, "Waste", Inputs!E:E, "Hazardous Waste", Inputs!D:D, "Incineration") -> 0.075 | D74: =IF(C74="",ROUGH!$C$6,ROUGH!$C$7) -> OK | E74: Tonnes
A75: D.2.3 | B75: Hazardous waste disposed at landfill (in tonnes) | C75: =SUMIFS(Inputs!L:L, Inputs!C:C, "Waste", Inputs!E:E, "Hazardous Waste", Inputs!D:D, "Landfilling") -> 0 | D75: =IF(C75="",ROUGH!$C$6,ROUGH!$C$7) -> OK | E75: Tonnes
A76: D.2.4 | B76: Hazardous waste disposed by other methods (in tonnes) | C76: =SUMIFS(Inputs!L:L, Inputs!C:C, "Waste", Inputs!E:E, "Hazardous Waste", Inputs!D:D, "Other Methods") -> 0 | D76: =IF(C76="",ROUGH!$C$6,ROUGH!$C$7) -> OK | E76: Tonnes
A77: D.2.5 | B77: Hazardous waste recycled (in tonnes) | C77: =SUMIFS(Inputs!L:L, Inputs!C:C, "Waste", Inputs!E:E, "Hazardous Waste", Inputs!D:D, "Recycled") -> 0 | D77: =IF(C77="",ROUGH!$C$6,ROUGH!$C$7) -> OK | E77: Tonnes
A78: D.2.6 | B78: Hazardous waste recovered otherwise (in tonnes) | C78: =SUMIFS(Inputs!L:L, Inputs!C:C, "Waste", Inputs!E:E, "Hazardous Waste", Inputs!D:D, "Recovered") -> 0 | D78: =IF(C78="",ROUGH!$C$6,ROUGH!$C$7) -> OK | E78: Tonnes
A79: D.2.7 | B79: Total hazardous waste generated (in tonnes) | C79: =SUM(C73:C78) -> 0.08 | D79: =IF(C79="",ROUGH!$C$6,ROUGH!$C$7) -> OK | E79: Tonnes
A81: D.2 | B81: Circular Economy
A82: D.2.1 | B82: Undertaking applies circular economy principles | C82: YES | D82: =IF(C82="",ROUGH!$C$6,ROUGH!$C$7) -> OK | E82: Enter as YES or No
A83: D.2.2 | B83: Describe how the organisation applies circular economy principles | D83: =IF(C83="",ROUGH!$C$6,ROUGH!$C$7) -> ERROR | E83: Detailed explanation
A85: D.3 | B85: Materials Used
A86: D.3.1 | B86: Recycled materials reused in manufacturing (mass in tonnes) | C86: =SUMIFS(Inputs!N:N, Inputs!C:C, "Material", Inputs!E:E, "Manufacturing") -> 20 | D86: =IF(C86="",ROUGH!$C$6,ROUGH!$C$7) -> OK
A87: D.3.2 | B87: Recycled material reused in packaging (mass in tonnes) | C87: =SUMIFS(Inputs!N:N, Inputs!C:C, "Material", Inputs!E:E, "Packaging") -> 9 | D87: =IF(C87="",ROUGH!$C$6,ROUGH!$C$7) -> OK
A88: D.3.3 | B88: Total Recycled material used (mass in tonnes) | C88: =C86+C87 -> 29 | D88: =IF(C88="",ROUGH!$C$6,ROUGH!$C$7) -> OK
A89: D.3.4 | B89: Single-use materials used in packaging (mass in tonnes) | C89: =SUMIFS(Inputs!L:L, Inputs!C:C, "Material", Inputs!D:D, "Single-Use", Inputs!E:E, "Packaging") -> 2 | D89: =IF(C89="",ROUGH!$C$6,ROUGH!$C$7) -> OK
A90: D.3.5 | B90: Total annual mass-flow of material used in packaging (mass in tonnes) | C90: =SUMIFS(Inputs!L:L, Inputs!C:C, "Material", Inputs!E:E, "Packaging") -> 11.5 | D90: =IF(C90="",ROUGH!$C$6,ROUGH!$C$7) -> OK
A91: D.3.6 | B91: Percentage of single-use products in all packaging materials (% total weight) | C91: =C89/C90 -> 0.17391304 | D91: =IF(C91="",ROUGH!$C$6,ROUGH!$C$7) -> OK
A92: D.3.7 | B92: Total virgin material used (mass in tonnes) | D92: =IF(C92="",ROUGH!$C$6,ROUGH!$C$7) -> ERROR
A93: D.3.8 | B93: Total annual mass-flow of relevant materials used in manufacturing (tonnes) | C93: =SUMIFS(Inputs!L:L, Inputs!C:C, "Material", Inputs!E:E, "Manufacturing") -> 170.5 | D93: =IF(C93="",ROUGH!$C$6,ROUGH!$C$7) -> OK
A94: D.3.8 | B94: Total annual mass-flow of relevant materials used (in tonnes) | C94: =SUMIFS(Inputs!L:L,Inputs!C:C, "Material") -> 182 | D94: =IF(C94="",ROUGH!$C$6,ROUGH!$C$7) -> OK
A96: E | B96: Biodiversity
A97: E.1 | B97: Land Use
A98: E.1.1 | B98: Location/size of facilities affecting sensitive areas | C98: =SUMIFS(Inputs!L:L, Inputs!D:D, "Sensitive Area", Inputs!E:E, "Land Use") -> 250 | D98: =IF(C98="",ROUGH!$C$6,ROUGH!$C$7) -> OK
A99: E.1.2 | B99: Location/size of artificial / sealed area | C99: =SUMIFS(Inputs!L:L, Inputs!D:D, "Sealed", Inputs!E:E, "Land Use") -> 30 | D99: =IF(C99="",ROUGH!$C$6,ROUGH!$C$7) -> OK
A100: E.1.3 | B100: Total land area owned/leased | C100: =SUMIFS(Inputs!L:L, Inputs!E:E, "Land Use") -> 280 | D100: =IF(C100="",ROUGH!$C$6,ROUGH!$C$7) -> OK
A102: E.2 | B102: POLICY CHECK | C102: YES/NO
A103: E.2.1 | B103: Does the Organisation Source Priority Raw Materials From Deforestation Free Areas? | C103: YES | D103: =IF(C103="",ROUGH!$C$6,ROUGH!$C$7) -> OK
A104: E.2.2 | B104: Any Incidents of Deforestation? | C104: NO | D104: =IF(C104="",ROUGH!$C$6,ROUGH!$C$7) -> OK
B105: Any Species Under Global Extinction Risk Affected? | C105: NO | D105: =IF(C105="",ROUGH!$C$6,ROUGH!$C$7) -> OK
A107: E.1 | B107: Change In Water Usage Since Last Financial Year
A108: E.1.1 | B108: Total Water Withdrawl Last Financial Year | C108: =SUMIFS(Inputs!L:L, Inputs!D:D, "Sensitive Area", Inputs!E:E, "Water Usage") -> 295 | D108: =IF(C108="",ROUGH!$C$6,ROUGH!$C$7) -> OK
A109: E.1.2 | B109: Groundwater Withdrawal From High Water-stress Areas | C109: =(Inputs!L101-Inputs!H46)/Inputs!L101 -> 0.23076923 | D109: =IF(C109="",ROUGH!$C$6,ROUGH!$C$7) -> OK
A110: E.1.3 | B110: Municipal Water Used | C110: =(Inputs!L102-Inputs!H44)/Inputs!L102 -> 0.090909091 | D110: =IF(C110="",ROUGH!$C$6,ROUGH!$C$7) -> OK
A111: E.1.4 | B111: Groundwater Withdrawal From Non-high-water Stress Areas | C111: =(Inputs!L100-Inputs!H45)/Inputs!L100 -> 0.16666667 | D111: =IF(C111="",ROUGH!$C$6,ROUGH!$C$7) -> OK
B112: Change In Freshwater Usage Since Last Financial Year | C112: =C108-C47 -> 45 | D112: =IF(C112="",ROUGH!$C$6,ROUGH!$C$7) -> OK

Sheet Inputs
A1: Sl. No | B1: SOURCE | C1: STATE | D1: CATEGORY | E1: TYPE | F1: UNIT | G1: INPUT VALUE 1 | H1: INPUT VALUE 2 | I1: TOTAL INPUTS | J1: CONVERSION FACTOR | K1: GHG FACTOR | L1: Total Converted Value | M1: Total GHG Value (in tCO2e) | N1: Input Value 1 (Final) | O1: Input Value 2 (Final)
G2: Enter Manually | H2: Enter Manually | I2: Auto calculated | J2: Auto calculated | K2: Auto calculated | L2: Auto calculated | M2: Auto calculated | N2: Auto calculated | O2: Auto calculated
A3: B. | B3: CLIMATE CHANGE
A4: B.1 | B4: Energy
B5: Electricity Consumed | G5: Renewable Energy | H5: Non-Renewavle Energy | I5: Total Energy in MWh | J5: Energy Factor | K5: GHG Factor kgCo2e | L5: Total Energy Consumed | M5: Total GHG Value (in tCO2e) | N5: Total Renewable Energy Consumed (MWh) | O5: Total Non-Renewable Energy Consumed (MWh)
B6: Electricity (Grid) | C6: =_xlfn.XLOOKUP(B6, tblConversions[Item], tblConversions[State], "" ) -> Energy | D6: =_xlfn.XLOOKUP(B6, tblConversions[Item], tblConversions[Category], "") -> Scope 2: Location | E6: =_xlfn.XLOOKUP(B6, tblConversions[Item], tblConversions[Type], "") -> Non-Renewable | F6: =_xlfn.XLOOKUP(B6, tblConversions[Item], tblConversions[Unit], "") -> MWh | G6: 0 | H6: 4000 | I6: =G6+H6 -> 4000 | J6: =_xlfn.XLOOKUP(B6, tblConversions[Item], tblConversions[Multiplier], 0) -> 1 | K6: =_xlfn.XLOOKUP(B6, tblConversions[Item], tblConversions[GHG Factor (t CO2e per Unit)], 0) -> 0.81 | L6: =I6*J6 -> 4000 | M6: =IF(E6="Renewable", 0, (H6 * K6) / 1000) -> 3.24 | N6: =IF(E6="Non-Renewable", 0, L6) -> 0 | O6: =IF(E6="Renewable", 0, L6) -> 4000
B7: On-Site Solar | C7: =_xlfn.XLOOKUP(B7, tblConversions[Item], tblConversions[State], "" ) -> Energy | D7: =_xlfn.XLOOKUP(B7, tblConversions[Item], tblConversions[Category], "") -> Scope 1 | E7: =_xlfn.XLOOKUP(B7, tblConversions[Item], tblConversions[Type], "") -> Renewable | F7: =_xlfn.XLOOKUP(B7, tblConversions[Item], tblConversions[Unit], "") -> MWh | G7: 600 | H7: 0 | I7: =G7+H7 -> 600 | J7: 1 | K7: =_xlfn.XLOOKUP(B7, tblConversions[Item], tblConversions[GHG Factor (t CO2e per Unit)], 0) -> 0 | L7: =I7*J7 -> 600 | M7: =IF(E7="Renewable", 0, (H7 * K7) / 1000) -> 0 | N7: =IF(E7="Non-Renewable", 0, L7) -> 600 | O7: =IF(E7="Renewable", 0, L7) -> 0
B8: On-Site Wind Electricity | C8: =_xlfn.XLOOKUP(B8, tblConversions[Item], tblConversions[State], "" ) -> Energy | D8: =_xlfn.XLOOKUP(B8, tblConversions[Item], tblConversions[Category], "") -> Scope 1 | E8: =_xlfn.XLOOKUP(B8, tblConversions[Item], tblConversions[Type], "") -> Renewable | F8: =_xlfn.XLOOKUP(B8, tblConversions[Item], tblConversions[Unit], "") -> MWh | G8: 0 | H8: 0 | I8: =G8+H8 -> 0 | J8: 1 | K8: =_xlfn.XLOOKUP(B8, tblConversions[Item], tblConversions[GHG Factor (t CO2e per Unit)], 0) -> 0 | L8: =I8*J8 -> 0 | M8: =IF(E8="Renewable", 0, (H8 * K8) / 1000) -> 0 | N8: =IF(E8="Non-Renewable", 0, L8) -> 0 | O8: =IF(E8="Renewable", 0, L8) -> 0
C9: =_xlfn.XLOOKUP(B9, tblConversions[Item], tblConversions[State], "" )
B10: Fuels Used Inside The Facility | C10: =_xlfn.XLOOKUP(B10, tblConversions[Item], tblConversions[State], "" )
B11: Kerosene | C11: =_xlfn.XLOOKUP(B11, tblConversions[Item], tblConversions[State], "" ) -> Liquid | D11: =_xlfn.XLOOKUP(B11, tblConversions[Item], tblConversions[Category], "") -> Scope 1 | E11: =_xlfn.XLOOKUP(B11, tblConversions[Item], tblConversions[Type], "") -> Non-Renewable | F11: =_xlfn.XLOOKUP(B11, tblConversions[Item], tblConversions[Unit], "") -> Litres | G11: 0 | H11: 1000 | I11: =G11+H11 -> 1000 | J11: =_xlfn.XLOOKUP(B11, tblConversions[Item], tblConversions[Multiplier], 0) -> 0.0097 | K11: =_xlfn.XLOOKUP(B11, tblConversions[Item], tblConversions[GHG Factor (t CO2e per Unit)], 0) -> 2.518 | L11: =I11*J11 -> 9.7 | M11: =IF(E11="Renewable", 0, (I11 * K11) / 1000) -> 2.518 | N11: =IF(E11="Non-Renewable", 0, L11) -> 0 | O11: =IF(E11="Renewable", 0, L11) -> 9.7
B12: Diesel | C12: =_xlfn.XLOOKUP(B12, tblConversions[Item], tblConversions[State], "" ) -> Liquid | D12: =_xlfn.XLOOKUP(B12, tblConversions[Item], tblConversions[Category], "") -> Scope 1 | E12: =_xlfn.XLOOKUP(B12, tblConversions[Item], tblConversions[Type], "") -> Non-Renewable | F12: =_xlfn.XLOOKUP(B12, tblConversions[Item], tblConversions[Unit], "") -> Litres | G12: 0 | H12: 2000 | I12: =G12+H12 -> 2000 | J12: =_xlfn.XLOOKUP(B12, tblConversions[Item], tblConversions[Multiplier], 0) -> 0.0106 | K12: =_xlfn.XLOOKUP(B12, tblConversions[Item], tblConversions[GHG Factor (t CO2e per Unit)], 0) -> 2.66155 | L12: =I12*J12 -> 21.2 | M12: =IF(E12="Renewable", 0, (H12 * K12) / 1000) -> 5.3231 | N12: =IF(E12="Non-Renewable", 0, L12) -> 0 | O12: =IF(E12="Renewable", 0, L12) -> 21.2
B13: LPG | C13: =_xlfn.XLOOKUP(B13, tblConversions[Item], tblConversions[State], "" ) -> Liquid | D13: =_xlfn.XLOOKUP(B13, tblConversions[Item], tblConversions[Category], "") -> Scope 1 | E13: =_xlfn.XLOOKUP(B13, tblConversions[Item], tblConversions[Type], "") -> Non-Renewable | F13: =_xlfn.XLOOKUP(B13, tblConversions[Item], tblConversions[Unit], "") -> kg | G13: 0 | H13: 475 | I13: =G13+H13 -> 475 | J13: =_xlfn.XLOOKUP(B13, tblConversions[Item], tblConversions[Multiplier], 0) -> 0.0137 | K13: =_xlfn.XLOOKUP(B13, tblConversions[Item], tblConversions[GHG Factor (t CO2e per Unit)], 0) -> 2.93936 | L13: =I13*J13 -> 6.5075 | M13: =IF(E13="Renewable", 0, (H13 * K13) / 1000) -> 1.396196 | N13: =IF(E13="Non-Renewable", 0, L13) -> 0 | O13: =IF(E13="Renewable", 0, L13) -> 6.5075
B14: Natural Gas | C14: =_xlfn.XLOOKUP(B14, tblConversions[Item], tblConversions[State], "" ) -> Gas | D14: =_xlfn.XLOOKUP(B14, tblConversions[Item], tblConversions[Category], "") -> Scope 1 | E14: =_xlfn.XLOOKUP(B14, tblConversions[Item], tblConversions[Type], "") -> Non-Renewable | F14: =_xlfn.XLOOKUP(B14, tblConversions[Item], tblConversions[Unit], "") -> m³ | G14: 0 | H14: 600 | I14: =G14+H14 -> 600 | J14: =_xlfn.XLOOKUP(B14, tblConversions[Item], tblConversions[Multiplier], 0) -> 0.0108 | K14: =_xlfn.XLOOKUP(B14, tblConversions[Item], tblConversions[GHG Factor (t CO2e per Unit)], 0) -> 2.04542 | L14: =I14*J14 -> 6.48 | M14: =IF(E14="Renewable", 0, (H14 * K14) / 1000) -> 1.227252 | N14: =IF(E14="Non-Renewable", 0, L14) -> 0 | O14: =IF(E14="Renewable", 0, L14) -> 6.48
C15: =_xlfn.XLOOKUP(B15, tblConversions[Item], tblConversions[State], "" )
A16: B.2 | B16: Green House Gases | C16: =_xlfn.XLOOKUP(B16, tblConversions[Item], tblConversions[State], "" )
C17: =_xlfn.XLOOKUP(B17, tblConversions[Item], tblConversions[State], "" ) | G17: Electric/Hybrid Transport | H17: Fossil-fuel based transport | I17: Total Input Value | J17: Hyrbid/Electric GHG emission factor (kgCo2e/$) | K17: Fossil fuel GHG emission factor (kgCo2e/unit) | L17: NA | M17: TOTAL GHG (EV + Hybrid + Fossil) in tCO2e/$ | N17: NA | O17: NA
B18: Purchased Goods | C18: =_xlfn.XLOOKUP(B18, tblConversions[Item], tblConversions[State], "" ) -> NA | D18: =_xlfn.XLOOKUP(B18, tblConversions[Item], tblConversions[Category], "") -> Scope 3 | E18: =_xlfn.XLOOKUP(B18, tblConversions[Item], tblConversions[Type], "") -> Purchased Goods | F18: =_xlfn.XLOOKUP(B18, tblConversions[Item], tblConversions[Unit], "") -> USD | G18: 0 | H18: 100000 | I18: =G18+H18 -> 100000 | J18: =_xlfn.XLOOKUP(B18, tblConversions[Item], tblConversions[Multiplier], 0) -> 0 | K18: =_xlfn.XLOOKUP(B18, tblConversions[Item], tblConversions[GHG Factor (t CO2e per Unit)], 0) -> 0.45 | L18: NA | M18: =((H18 * K18) / 1000)+(G18*J18)/1000 -> 45 | N18: NA | O18: NA
B19: Refrigerant (R-32) | C19: =_xlfn.XLOOKUP(B19, tblConversions[Item], tblConversions[State], "" ) -> Liquid | D19: =_xlfn.XLOOKUP(B19, tblConversions[Item], tblConversions[Category], "") -> Scope 1 | E19: =_xlfn.XLOOKUP(B19, tblConversions[Item], tblConversions[Type], "") -> Direct Fugitive Emissions | F19: =_xlfn.XLOOKUP(B19, tblConversions[Item], tblConversions[Unit], "") -> kg | G19: 0 | H19: 20 | I19: =G19+H19 -> 20 | J19: =_xlfn.XLOOKUP(B19, tblConversions[Item], tblConversions[Multiplier], 0) -> 0 | K19: =_xlfn.XLOOKUP(B19, tblConversions[Item], tblConversions[GHG Factor (t CO2e per Unit)], 0) -> 675 | L19: NA | M19: =((H19 * K19) / 1000)+(G19*J19)/1000 -> 13.5 | N19: NA | O19: NA
B20: Upstream emissions from road transport | C20: =_xlfn.XLOOKUP(B20, tblConversions[Item], tblConversions[State], "" ) -> NA | D20: =_xlfn.XLOOKUP(B20, tblConversions[Item], tblConversions[Category], "") -> Scope 3 | E20: =_xlfn.XLOOKUP(B20, tblConversions[Item], tblConversions[Type], "") -> Upstream Transport | F20: =_xlfn.XLOOKUP(B20, tblConversions[Item], tblConversions[Unit], "") -> USD | G20: 0 | H20: 1500 | I20: =G20+H20 -> 1500 | J20: =_xlfn.XLOOKUP(B20, tblConversions[Item], tblConversions[Multiplier], 0) -> 0 | K20: =_xlfn.XLOOKUP(B20, tblConversions[Item], tblConversions[GHG Factor (t CO2e per Unit)], 0) -> 1.9836 | L20: NA | M20: =((H20 * K20) / 1000)+(G20*J20)/1000 -> 2.9754 | N20: NA | O20: NA
B21: Upstream emissions from air transport | C21: =_xlfn.XLOOKUP(B21, tblConversions[Item], tblConversions[State], "" ) -> NA | D21: =_xlfn.XLOOKUP(B21, tblConversions[Item], tblConversions[Category], "") -> Scope 3 | E21: =_xlfn.XLOOKUP(B21, tblConversions[Item], tblConversions[Type], "") -> Upstream Transport | F21: =_xlfn.XLOOKUP(B21, tblConversions[Item], tblConversions[Unit], "") -> USD | G21: 0 | H21: 5000 | I21: =G21+H21 -> 5000 | J21: =_xlfn.XLOOKUP(B21, tblConversions[Item], tblConversions[Multiplier], 0) -> 0 | K21: =_xlfn.XLOOKUP(B21, tblConversions[Item], tblConversions[GHG Factor (t CO2e per Unit)], 0) -> 0.15 | L21: NA | M21: =((H21 * K21) / 1000)+(G21*J21)/1000 -> 0.75 | N21: NA | O21: NA
B22: Upstream emissions from sea transport | C22: =_xlfn.XLOOKUP(B22, tblConversions[Item], tblConversions[State], "" ) -> NA | D22: =_xlfn.XLOOKUP(B22, tblConversions[Item], tblConversions[Category], "") -> Scope 3 | E22: =_xlfn.XLOOKUP(B22, tblConversions[Item], tblConversions[Type], "") -> Upstream Transport | F22: =_xlfn.XLOOKUP(B22, tblConversions[Item], tblConversions[Unit], "") -> USD | G22: 0 | H22: 7000 | I22: =G22+H22 -> 7000 | J22: =_xlfn.XLOOKUP(B22, tblConversions[Item], tblConversions[Multiplier], 0) -> 0 | K22: =_xlfn.XLOOKUP(B22, tblConversions[Item], tblConversions[GHG Factor (t CO2e per Unit)], 0) -> 0.05 | L22: NA | M22: =((H22 * K22) / 1000)+(G22*J22)/1000 -> 0.35 | N22: NA | O22: NA
B23: Business Travel emissions from Flights | C23: =_xlfn.XLOOKUP(B23, tblConversions[Item], tblConversions[State], "" ) -> NA | D23: =_xlfn.XLOOKUP(B23, tblConversions[Item], tblConversions[Category], "") -> Scope 3 | E23: =_xlfn.XLOOKUP(B23, tblConversions[Item], tblConversions[Type], "") -> Business Travels | F23: =_xlfn.XLOOKUP(B23, tblConversions[Item], tblConversions[Unit], "") -> USD | G23: 0 | H23: 5000 | I23: =G23+H23 -> 5000 | J23: =_xlfn.XLOOKUP(B23, tblConversions[Item], tblConversions[Multiplier], 0) -> 0 | K23: =_xlfn.XLOOKUP(B23, tblConversions[Item], tblConversions[GHG Factor (t CO2e per Unit)], 0) -> 0.15 | L23: NA | M23: =((H23 * K23) / 1000)+(G23*J23)/1000 -> 0.75 | N23: NA | O23: NA
B24: Business Travel emissions from Road Transport | C24: =_xlfn.XLOOKUP(B24, tblConversions[Item], tblConversions[State], "" ) -> NA | D24: =_xlfn.XLOOKUP(B24, tblConversions[Item], tblConversions[Category], "") -> Scope 3 | E24: =_xlfn.XLOOKUP(B24, tblConversions[Item], tblConversions[Type], "") -> Business Travels | F24: =_xlfn.XLOOKUP(B24, tblConversions[Item], tblConversions[Unit], "") -> USD | G24: 0 | H24: 6000 | I24: =G24+H24 -> 6000 | J24: =_xlfn.XLOOKUP(B24, tblConversions[Item], tblConversions[Multiplier], 0) -> 0 | K24: =_xlfn.XLOOKUP(B24, tblConversions[Item], tblConversions[GHG Factor (t CO2e per Unit)], 0) -> 1.9836 | L24: NA | M24: =((H24 * K24) / 1000)+(G24*J24)/1000 -> 11.9016 | N24: NA | O24: NA
B25: Business Travel emissions from Rail Transport | C25: =_xlfn.XLOOKUP(B25, tblConversions[Item], tblConversions[State], "" ) -> NA | D25: =_xlfn.XLOOKUP(B25, tblConversions[Item], tblConversions[Category], "") -> Scope 3 | E25: =_xlfn.XLOOKUP(B25, tblConversions[Item], tblConversions[Type], "") -> Business Travels | F25: =_xlfn.XLOOKUP(B25, tblConversions[Item], tblConversions[Unit], "") -> USD | G25: 0 | H25: 9000 | I25: =G25+H25 -> 9000 | J25: =_xlfn.XLOOKUP(B25, tblConversions[Item], tblConversions[Multiplier], 0) -> 1 | K25: =_xlfn.XLOOKUP(B25, tblConversions[Item], tblConversions[GHG Factor (t CO2e per Unit)], 0) -> 0.7409532 | L25: NA | M25: =((H25 * K25) / 1000)+(G25*J25)/1000 -> 6.6685788 | N25: NA | O25: NA
B26: Carbon Credits | C26: =_xlfn.XLOOKUP(B26, tblConversions[Item], tblConversions[State], "" ) -> NA | D26: =_xlfn.XLOOKUP(B26, tblConversions[Item], tblConversions[Category], "") -> Removals | E26: =_xlfn.XLOOKUP(B26, tblConversions[Item], tblConversions[Type], "") -> GHG | F26: =_xlfn.XLOOKUP(B26, tblConversions[Item], tblConversions[Unit], "") -> tCO2e | G26: 0 | H26: 100 | I26: =G26+H26 -> 100 | J26: =_xlfn.XLOOKUP(B26, tblConversions[Item], tblConversions[Multiplier], 0) -> 0 | K26: =_xlfn.XLOOKUP(B26, tblConversions[Item], tblConversions[GHG Factor (t CO2e per Unit)], 0) -> -1000 | L26: NA | M26: =((H26 * K26) / 1000)+(G26*J26)/1000 -> -100 | N26: NA | O26: NA
C27: =_xlfn.XLOOKUP(B27, tblConversions[Item], tblConversions[State], "" )
A28: B.3 | B28: Pollution of Air, Water and Soil | C28: =_xlfn.XLOOKUP(B28, tblConversions[Item], tblConversions[State], "" )
B29: Pollutant Type | C29: =_xlfn.XLOOKUP(B29, tblConversions[Item], tblConversions[State], "" ) | G29: Pollutants generated | H29: NA | I29: Total Pollutants | K29: NA | L29: Total Pollutants | N29: Total Pollutants Generated | O29: NA
B30: Air pollutant Nitrogen Oxides (NOx) in kg | C30: =_xlfn.XLOOKUP(B30, tblConversions[Item], tblConversions[State], "" ) -> Gas | D30: =_xlfn.XLOOKUP(B30, tblConversions[Item], tblConversions[Category], "") -> Air Emission | E30: =_xlfn.XLOOKUP(B30, tblConversions[Item], tblConversions[Type], "") -> NOx | F30: =_xlfn.XLOOKUP(B30, tblConversions[Item], tblConversions[Unit], "") -> kg | G30: 50 | I30: =G30+H30 -> 50 | J30: =_xlfn.XLOOKUP(B30, tblConversions[Item], tblConversions[Multiplier], 0) -> 1 | K30: =_xlfn.XLOOKUP(D30, tblConversions[Item], tblConversions[GHG Factor (t CO2e per Unit)], 0) -> 0 | L30: =I30*J30 -> 50 | M30: =IF(E30="Renewable", 0, (I30 * K30) / 1000) -> 0 | N30: =G30*J30 -> 50 | O30: =H30*J30 -> 0
B31: Air pollutant Sulhur Oxides (SOx) in kg | C31: =_xlfn.XLOOKUP(B31, tblConversions[Item], tblConversions[State], "" ) -> Gas | D31: =_xlfn.XLOOKUP(B31, tblConversions[Item], tblConversions[Category], "") -> Air Emission | E31: =_xlfn.XLOOKUP(B31, tblConversions[Item], tblConversions[Type], "") -> SOx | F31: =_xlfn.XLOOKUP(B31, tblConversions[Item], tblConversions[Unit], "") -> kg | G31: 20 | I31: =G31+H31 -> 20 | J31: =_xlfn.XLOOKUP(B31, tblConversions[Item], tblConversions[Multiplier], 0) -> 1 | K31: =_xlfn.XLOOKUP(D31, tblConversions[Item], tblConversions[GHG Factor (t CO2e per Unit)], 0) -> 0 | L31: =I31*J31 -> 20 | M31: =IF(E31="Renewable", 0, (I31 * K31) / 1000) -> 0 | N31: =G31*J31 -> 20 | O31: =H31*J31 -> 0
B32: Particulate Matter (PM10/PM2.5) in kg | C32: =_xlfn.XLOOKUP(B32, tblConversions[Item], tblConversions[State], "" ) -> Particles | D32: =_xlfn.XLOOKUP(B32, tblConversions[Item], tblConversions[Category], "") -> Air Emission | E32: =_xlfn.XLOOKUP(B32, tblConversions[Item], tblConversions[Type], "") -> PM10/PM2.5 | F32: =_xlfn.XLOOKUP(B32, tblConversions[Item], tblConversions[Unit], "") -> kg | G32: 100 | I32: =G32+H32 -> 100 | J32: =_xlfn.XLOOKUP(B32, tblConversions[Item], tblConversions[Multiplier], 0) -> 1 | K32: =_xlfn.XLOOKUP(D32, tblConversions[Item], tblConversions[GHG Factor (t CO2e per Unit)], 0) -> 0 | L32: =I32*J32 -> 100 | M32: =IF(E32="Renewable", 0, (I32 * K32) / 1000) -> 0 | N32: =G32*J32 -> 100 | O32: =H32*J32 -> 0
B33: Emissions to water in kg (for e.g. Nitrates) | C33: =_xlfn.XLOOKUP(B33, tblConversions[Item], tblConversions[State], "" ) -> Liquid | D33: =_xlfn.XLOOKUP(B33, tblConversions[Item], tblConversions[Category], "") -> Water Emission | E33: =_xlfn.XLOOKUP(B33, tblConversions[Item], tblConversions[Type], "") -> Wastewater | F33: =_xlfn.XLOOKUP(B33, tblConversions[Item], tblConversions[Unit], "") -> kg | G33: 125 | I33: =G33+H33 -> 125 | J33: 1 | K33: 0 | L33: =I33*J33 -> 125 | M33: 0 | N33: =G33*J33 -> 125
C34: =_xlfn.XLOOKUP(B34, tblConversions[Item], tblConversions[State], "" )
A35: B.4 | B35: Climate Strategy and Goals | C35: =_xlfn.XLOOKUP(B35, tblConversions[Item], tblConversions[State], "" )
C36: =_xlfn.XLOOKUP(B36, tblConversions[Item], tblConversions[State], "" ) | G36: This section is updated manually | L36: GHG GOALS
B37: GHG reduction target and time frame (per cent per year) | C37: =_xlfn.XLOOKUP(B37, tblConversions[Item], tblConversions[State], "" ) | D37: Climate Goal | E37: GHG | F37: % / Year | G37: 0.1 | H37: NA | I37: NA | J37: NA | K37: NA | L37: =G37 -> 0.1 | M37: NA | N37: NA | O37: NA
B38: Financial effects from climate risks (in $US) | C38: =_xlfn.XLOOKUP(B38, tblConversions[Item], tblConversions[State], "" ) | D38: Climate Goal | E38: RISK | F38: Currency | G38: 250000 | H38: NA | I38: NA | J38: NA | K38: NA | L38: =G38 -> 250000 | M38: NA | N38: NA | O38: NA
B39: Investment allocated to transition plan (in $US) | C39: =_xlfn.XLOOKUP(B39, tblConversions[Item], tblConversions[State], "" ) | D39: Climate Goal | E39: INVESTMENT | F39: Currency | G39: 100000 | H39: NA | I39: NA | J39: NA | K39: NA | L39: =G39 -> 100000 | M39: NA | N39: NA | O39: NA
C40: =_xlfn.XLOOKUP(B40, tblConversions[Item], tblConversions[State], "" ) | H40: NA | I40: NA | J40: NA | K40: NA | L40: =G40 -> 0 | M40: NA | N40: NA | O40: NA
A41: C | B41: WATER AND MARINE RESOURCES | C41: =_xlfn.XLOOKUP(B41, tblConversions[Item], tblConversions[State], "" )
A42: C.1 | B42: Water Resources | C42: =_xlfn.XLOOKUP(B42, tblConversions[Item], tblConversions[State], "" )
C43: =_xlfn.XLOOKUP(B43, tblConversions[Item], tblConversions[State], "" ) | G43: RECYCLED | H43: FRESHWATER | J43: VOLUME FACTOR | L43: TOTAL VALUE | M43: NA | N43: TOTAL RECYCLED (in litres) | O43: TOTAL FRESHWATER (in litres)
B44: Municipal Water | C44: =_xlfn.XLOOKUP(B44, tblConversions[Item], tblConversions[State], "" ) -> Liquid | D44: =_xlfn.XLOOKUP(B44, tblConversions[Item], tblConversions[Category], "") -> Withdrawal | E44: =_xlfn.XLOOKUP(B44, tblConversions[Item], tblConversions[Type], "") -> Water | F44: =_xlfn.XLOOKUP(B44, tblConversions[Item], tblConversions[Unit], "") -> m3 | G44: 75 | H44: 100 | I44: =G44+H44 -> 175 | J44: =_xlfn.XLOOKUP(B44, tblConversions[Item], tblConversions[Multiplier], 0) -> 1 | K44: =_xlfn.XLOOKUP(D44, tblConversions[Item], tblConversions[GHG Factor (t CO2e per Unit)], 0) -> 0 | L44: =I44*J44 -> 175 | M44: NA | N44: =G44*J44 -> 75 | O44: =H44*J44 -> 100
B45: Groundwater from non-high-water stress areas | C45: =_xlfn.XLOOKUP(B45, tblConversions[Item], tblConversions[State], "" ) -> Liquid | D45: =_xlfn.XLOOKUP(B45, tblConversions[Item], tblConversions[Category], "") -> Withdrawal | E45: =_xlfn.XLOOKUP(B45, tblConversions[Item], tblConversions[Type], "") -> Water | F45: =_xlfn.XLOOKUP(B45, tblConversions[Item], tblConversions[Unit], "") -> m3 | G45: 70 | H45: 100 | I45: =G45+H45 -> 170 | J45: =_xlfn.XLOOKUP(B45, tblConversions[Item], tblConversions[Multiplier], 0) -> 1 | K45: =_xlfn.XLOOKUP(D45, tblConversions[Item], tblConversions[GHG Factor (t CO2e per Unit)], 0) -> 0 | L45: =I45*J45 -> 170 | M45: NA | N45: =G45*J45 -> 70 | O45: =H45*J45 -> 100
B46: Water withdrawn from high water-stress areas | C46: =_xlfn.XLOOKUP(B46, tblConversions[Item], tblConversions[State], "" ) -> Liquid | D46: =_xlfn.XLOOKUP(B46, tblConversions[Item], tblConversions[Category], "") -> Withdrawal | E46: =_xlfn.XLOOKUP(B46, tblConversions[Item], tblConversions[Type], "") -> Water | F46: =_xlfn.XLOOKUP(B46, tblConversions[Item], tblConversions[Unit], "") -> m3 | G46: 40 | H46: 50 | I46: =G46+H46 -> 90 | J46: =_xlfn.XLOOKUP(B46, tblConversions[Item], tblConversions[Multiplier], 0) -> 1 | K46: =_xlfn.XLOOKUP(D46, tblConversions[Item], tblConversions[GHG Factor (t CO2e per Unit)], 0) -> 0 | L46: =I46*J46 -> 90 | M46: NA | N46: =G46*J46 -> 40 | O46: =H46*J46 -> 50
B47: Wastewater | C47: =_xlfn.XLOOKUP(B47, tblConversions[Item], tblConversions[State], "" ) -> Liquid | D47: =_xlfn.XLOOKUP(B47, tblConversions[Item], tblConversions[Category], "") -> Discharge | E47: =_xlfn.XLOOKUP(B47, tblConversions[Item], tblConversions[Type], "") -> Wastewater | F47: =_xlfn.XLOOKUP(B47, tblConversions[Item], tblConversions[Unit], "") -> m3 | G47: 0 | H47: 65 | I47: =G47+H47 -> 65 | J47: =_xlfn.XLOOKUP(B47, tblConversions[Item], tblConversions[Multiplier], 0) -> 1 | K47: =_xlfn.XLOOKUP(D47, tblConversions[Item], tblConversions[GHG Factor (t CO2e per Unit)], 0) -> 0 | L47: =I47*J47 -> 65 | M47: NA | N47: =G47*J47 -> 0 | O47: =H47*J47 -> 65
B48: Watewater to oceans | C48: =_xlfn.XLOOKUP(B48, tblConversions[Item], tblConversions[State], "" ) -> Liquid | D48: =_xlfn.XLOOKUP(B48, tblConversions[Item], tblConversions[Category], "") -> Discharge | E48: =_xlfn.XLOOKUP(B48, tblConversions[Item], tblConversions[Type], "") -> Wastewater | F48: =_xlfn.XLOOKUP(B48, tblConversions[Item], tblConversions[Unit], "") -> m3 | G48: 0 | H48: 35 | I48: =G48+H48 -> 35 | J48: =_xlfn.XLOOKUP(B48, tblConversions[Item], tblConversions[Multiplier], 0) -> 1 | K48: =_xlfn.XLOOKUP(D48, tblConversions[Item], tblConversions[GHG Factor (t CO2e per Unit)], 0) -> 0 | L48: =I48*J48 -> 35 | M48: NA | N48: =G48*J48 -> 0 | O48: =H48*J48 -> 35
C49: =_xlfn.XLOOKUP(B49, tblConversions[Item], tblConversions[State], "" )
A50: C.2 | B50: Marine Resources | C50: =_xlfn.XLOOKUP(B50, tblConversions[Item], tblConversions[State], "" )
C51: =_xlfn.XLOOKUP(B51, tblConversions[Item], tblConversions[State], "" ) | G51: NA | H51: QUANTITY | I51: TOTAL QUANTITY | J51: CONVERSION FACTOR | L51: TOTAL QUANTITY | M51: TOTAL GHG
B52: Marine resources extracted and utilised (gravels, deep-sea minerals, seafood, etc) | C52: =_xlfn.XLOOKUP(B52, tblConversions[Item], tblConversions[State], "" ) -> NA | D52: =_xlfn.XLOOKUP(B52, tblConversions[Item], tblConversions[Category], "") -> Resource Use | E52: =_xlfn.XLOOKUP(B52, tblConversions[Item], tblConversions[Type], "") -> Resources | F52: =_xlfn.XLOOKUP(B52, tblConversions[Item], tblConversions[Unit], "") -> Tonnes | G52: 0 | H52: 0 | I52: =G52+H52 -> 0 | J52: =_xlfn.XLOOKUP(B52, tblConversions[Item], tblConversions[Multiplier], 0) -> 1 | K52: =_xlfn.XLOOKUP(D52, tblConversions[Item], tblConversions[GHG Factor (t CO2e per Unit)], 0) -> 0 | L52: =I52*J52 -> 0 | M52: NA | N52: =G52*J52 -> 0 | O52: =H52*J52 -> 0
C53: =_xlfn.XLOOKUP(B53, tblConversions[Item], tblConversions[State], "" )
A54: C.3 | B54: Water and Marine Resources Targets | C54: =_xlfn.XLOOKUP(B54, tblConversions[Item], tblConversions[State], "" )
C55: =_xlfn.XLOOKUP(B55, tblConversions[Item], tblConversions[State], "" ) | D55: This section is updated manually | E55: This section is updated manually | F55: This section is updated manually | G55: This section is updated manually
B56: Water withdrawal reduction target and time frame (per cent per year) | C56: =_xlfn.XLOOKUP(B56, tblConversions[Item], tblConversions[State], "" ) | D56: Climate Goal | E56: Water | F56: % / Year | G56: -0.3 | H56: NA | I56: NA | J56: NA | K56: NA | L56: =G56 -> -0.3 | M56: NA | N56: NA | O56: NA
B57: Water discharge reduction target and time frame (per cent per year) | C57: =_xlfn.XLOOKUP(B57, tblConversions[Item], tblConversions[State], "" ) | D57: Climate Goal | E57: Wastewater | F57: % / Year | G57: -0.25 | H57: NA | I57: NA | J57: NA | K57: NA | L57: =G57 -> -0.25 | M57: NA | N57: NA | O57: NA
B58: Anticipated effect from water & marine resources | C58: =_xlfn.XLOOKUP(B58, tblConversions[Item], tblConversions[State], "" ) | D58: Climate Goal | E58: RISK | F58: $US | G58: 100000 | H58: NA | I58: NA | J58: NA | K58: NA | L58: =G58 -> 100000 | M58: NA | N58: NA | O58: NA
C59: =_xlfn.XLOOKUP(B59, tblConversions[Item], tblConversions[State], "" )
A60: D | B60: Resource Use, Circular Economy and Waste Management | C60: =_xlfn.XLOOKUP(B60, tblConversions[Item], tblConversions[State], "" )
A61: D.1 | B61: Non-Hazardous Waste | C61: =_xlfn.XLOOKUP(B61, tblConversions[Item], tblConversions[State], "" )
B62: Type of Waste | C62: =_xlfn.XLOOKUP(B62, tblConversions[Item], tblConversions[State], "" ) | G62: RECYCLED / REUSED | H62: DISPOSED | J62: VOLUME FACTOR (1= TONNES) | K62: GHG Factor | L62: TOTAL WASTE PROCESSED (in Tonnes) | M62: TOTAL GHG EMISSION | N62: TOTAL WASTE RECYCLED (in tonnes) | O62: TOTAL WASTE DISPOSED (in tonnes)
B63: Paper and Cardboard | C63: Waste | D63: =_xlfn.XLOOKUP(B63, tblConversions[Item], tblConversions[Category], "") -> Reused | E63: =_xlfn.XLOOKUP(B63, tblConversions[Item], tblConversions[Type], "") -> Non-Hazardous Waste | F63: =_xlfn.XLOOKUP(B63, tblConversions[Item], tblConversions[Unit], "") -> tonne | G63: 1 | H63: 0.0025 | I63: =G63+H63 -> 1.0025 | J63: =_xlfn.XLOOKUP(B63, tblConversions[Item], tblConversions[Multiplier], 0) -> 1 | K63: =_xlfn.XLOOKUP(B63, tblConversions[Item], tblConversions[GHG Factor (t CO2e per Unit)], 0) -> 0.021 | L63: =I63*J63 -> 1.0025 | M63: NA | N63: =G63*J63 -> 1 | O63: =H63*J63 -> 0.0025
B64: Composite materials | C64: Waste | D64: =_xlfn.XLOOKUP(B64, tblConversions[Item], tblConversions[Category], "") -> Landfilling | E64: =_xlfn.XLOOKUP(B64, tblConversions[Item], tblConversions[Type], "") -> Non-Hazardous Waste | F64: =_xlfn.XLOOKUP(B64, tblConversions[Item], tblConversions[Unit], "") -> tonne | G64: 0 | H64: 0.005 | I64: =G64+H64 -> 0.005 | J64: =_xlfn.XLOOKUP(B64, tblConversions[Item], tblConversions[Multiplier], 0) -> 1 | K64: =_xlfn.XLOOKUP(B64, tblConversions[Item], tblConversions[GHG Factor (t CO2e per Unit)], 0) -> 1.2 | L64: =I64*J64 -> 0.005 | M64: NA | N64: =G64*J64 -> 0 | O64: =H64*J64 -> 0.005
B65: Organic matter from natural products | C65: Waste | D65: =_xlfn.XLOOKUP(B65, tblConversions[Item], tblConversions[Category], "") -> Landfilling | E65: =_xlfn.XLOOKUP(B65, tblConversions[Item], tblConversions[Type], "") -> Non-Hazardous Waste | F65: =_xlfn.XLOOKUP(B65, tblConversions[Item], tblConversions[Unit], "") -> tonne | G65: 0 | H65: 0.025 | I65: =G65+H65 -> 0.025 | J65: =_xlfn.XLOOKUP(B65, tblConversions[Item], tblConversions[Multiplier], 0) -> 1 | K65: =_xlfn.XLOOKUP(B65, tblConversions[Item], tblConversions[GHG Factor (t CO2e per Unit)], 0) -> 1.2 | L65: =I65*J65 -> 0.025 | M65: NA | N65: =G65*J65 -> 0 | O65: =H65*J65 -> 0.025
B66: Solvents used in finishing (non-hazardous) | C66: Waste | D66: =_xlfn.XLOOKUP(B66, tblConversions[Item], tblConversions[Category], "") -> Landfilling | E66: =_xlfn.XLOOKUP(B66, tblConversions[Item], tblConversions[Type], "") -> Non-Hazardous Waste | F66: =_xlfn.XLOOKUP(B66, tblConversions[Item], tblConversions[Unit], "") -> tonne | G66: 0 | H66: 0.01 | I66: =G66+H66 -> 0.01 | J66: =_xlfn.XLOOKUP(B66, tblConversions[Item], tblConversions[Multiplier], 0) -> 1 | K66: =_xlfn.XLOOKUP(B66, tblConversions[Item], tblConversions[GHG Factor (t CO2e per Unit)], 0) -> 1.2 | L66: =I66*J66 -> 0.01 | M66: NA | N66: =G66*J66 -> 0 | O66: =H66*J66 -> 0.01
B67: Non-hazardous dyestuffs and pigments | C67: Waste | D67: =_xlfn.XLOOKUP(B67, tblConversions[Item], tblConversions[Category], "") -> Landfilling | E67: =_xlfn.XLOOKUP(B67, tblConversions[Item], tblConversions[Type], "") -> Non-Hazardous Waste | F67: =_xlfn.XLOOKUP(B67, tblConversions[Item], tblConversions[Unit], "") -> tonne | G67: 0 | H67: 0.005 | I67: =G67+H67 -> 0.005 | J67: =_xlfn.XLOOKUP(B67, tblConversions[Item], tblConversions[Multiplier], 0) -> 1 | K67: =_xlfn.XLOOKUP(B67, tblConversions[Item], tblConversions[GHG Factor (t CO2e per Unit)], 0) -> 1.2 | L67: =I67*J67 -> 0.005 | M67: NA | N67: =G67*J67 -> 0 | O67: =H67*J67 -> 0.005
B68: Sludges from on-site treatment (non-hazardous) | C68: Waste | D68: =_xlfn.XLOOKUP(B68, tblConversions[Item], tblConversions[Category], "") -> Landfilling | E68: =_xlfn.XLOOKUP(B68, tblConversions[Item], tblConversions[Type], "") -> Non-Hazardous Waste | F68: =_xlfn.XLOOKUP(B68, tblConversions[Item], tblConversions[Unit], "") -> tonne | G68: 0 | H68: 3 | I68: =G68+H68 -> 3 | J68: =_xlfn.XLOOKUP(B68, tblConversions[Item], tblConversions[Multiplier], 0) -> 1 | K68: =_xlfn.XLOOKUP(B68, tblConversions[Item], tblConversions[GHG Factor (t CO2e per Unit)], 0) -> 1.2 | L68: =I68*J68 -> 3 | M68: NA | N68: =G68*J68 -> 0 | O68: =H68*J68 -> 3
B69: Unprocessed textile fibres | C69: Waste | D69: =_xlfn.XLOOKUP(B69, tblConversions[Item], tblConversions[Category], "") -> Reused | E69: =_xlfn.XLOOKUP(B69, tblConversions[Item], tblConversions[Type], "") -> Non-Hazardous Waste | F69: =_xlfn.XLOOKUP(B69, tblConversions[Item], tblConversions[Unit], "") -> tonne | G69: 0.5 | H69: 0 | I69: =G69+H69 -> 0.5 | J69: =_xlfn.XLOOKUP(B69, tblConversions[Item], tblConversions[Multiplier], 0) -> 1 | K69: =_xlfn.XLOOKUP(B69, tblConversions[Item], tblConversions[GHG Factor (t CO2e per Unit)], 0) -> 1.2 | L69: =I69*J69 -> 0.5 | M69: NA | N69: =G69*J69 -> 0.5 | O69: =H69*J69 -> 0
B70: Wastes from processed textile fibres | C70: Waste | D70: =_xlfn.XLOOKUP(B70, tblConversions[Item], tblConversions[Category], "") -> Recycled | E70: =_xlfn.XLOOKUP(B70, tblConversions[Item], tblConversions[Type], "") -> Non-Hazardous Waste | F70: =_xlfn.XLOOKUP(B70, tblConversions[Item], tblConversions[Unit], "") -> tonne | G70: 1 | H70: 0 | I70: =G70+H70 -> 1 | J70: =_xlfn.XLOOKUP(B70, tblConversions[Item], tblConversions[Multiplier], 0) -> 1 | K70: =_xlfn.XLOOKUP(B70, tblConversions[Item], tblConversions[GHG Factor (t CO2e per Unit)], 0) -> 1.2 | L70: =I70*J70 -> 1 | M70: NA | N70: =G70*J70 -> 1 | O70: =H70*J70 -> 0
B71: Unpsecificied non-hazardous waste | C71: Waste | D71: =_xlfn.XLOOKUP(B71, tblConversions[Item], tblConversions[Category], "") -> Recycled | E71: =_xlfn.XLOOKUP(B71, tblConversions[Item], tblConversions[Type], "") -> Non-Hazardous Waste | F71: =_xlfn.XLOOKUP(B71, tblConversions[Item], tblConversions[Unit], "") -> tonne | G71: 1 | H71: 0 | I71: =G71+H71 -> 1 | J71: =_xlfn.XLOOKUP(B71, tblConversions[Item], tblConversions[Multiplier], 0) -> 1 | K71: =_xlfn.XLOOKUP(B71, tblConversions[Item], tblConversions[GHG Factor (t CO2e per Unit)], 0) -> 1.2 | L71: =I71*J71 -> 1 | M71: NA | N71: =G71*J71 -> 1 | O71: =H71*J71 -> 0
B72: Textile Fabric | C72: Waste | D72: =_xlfn.XLOOKUP(B72, tblConversions[Item], tblConversions[Category], "") -> Reused | E72: =_xlfn.XLOOKUP(B72, tblConversions[Item], tblConversions[Type], "") -> Non-Hazardous Waste | F72: =_xlfn.XLOOKUP(B72, tblConversions[Item], tblConversions[Unit], "") -> tonne | G72: 4 | H72: 2 | I72: =G72+H72 -> 6 | J72: =_xlfn.XLOOKUP(B72, tblConversions[Item], tblConversions[Multiplier], 0) -> 1 | K72: =_xlfn.XLOOKUP(B72, tblConversions[Item], tblConversions[GHG Factor (t CO2e per Unit)], 0) -> 1.2 | L72: =I72*J72 -> 6 | M72: NA | N72: =G72*J72 -> 4 | O72: =H72*J72 -> 2
B73: Aluminum waste from packaging | C73: Waste | D73: =_xlfn.XLOOKUP(B73, tblConversions[Item], tblConversions[Category], "") -> Recycled | E73: =_xlfn.XLOOKUP(B73, tblConversions[Item], tblConversions[Type], "") -> Non-Hazardous Waste | F73: tonne | G73: 0.005 | H73: 0 | I73: =G73+H73 -> 0.005 | J73: =_xlfn.XLOOKUP(B73, tblConversions[Item], tblConversions[Multiplier], 0) -> 1 | K73: =_xlfn.XLOOKUP(B73, tblConversions[Item], tblConversions[GHG Factor (t CO2e per Unit)], 0) -> 0 | L73: =I73*J73 -> 0.005 | M73: NA | N73: =G73*J73 -> 0.005 | O73: =H73*J73 -> 0
C74: =_xlfn.XLOOKUP(B74, tblConversions[Item], tblConversions[State], "" )
A75: D.2 | B75: Hazardous Waste | C75: =_xlfn.XLOOKUP(B75, tblConversions[Item], tblConversions[State], "" )
C76: =_xlfn.XLOOKUP(B76, tblConversions[Item], tblConversions[State], "" ) | G76: RECYCLED / REUSED | H76: DISPOSED | I76: TOTAL QUANTITY | J76: VOLUME FACTOR (1= TONNES) | K76: GHG FACTOR | L76: TOTAL PROCESSED QUANTITY | M76: NA | N76: TOTAL RECYCLED (in litres) | O76: TOTAL FRESHWATER (in litres)
B77: PFAS (SVHC) in effluents | C77: Waste | D77: =_xlfn.XLOOKUP(B77, tblConversions[Item], tblConversions[Category], "") -> Water Emission | E77: =_xlfn.XLOOKUP(B77, tblConversions[Item], tblConversions[Type], "") -> Hazardous Waste | F77: =_xlfn.XLOOKUP(B77, tblConversions[Item], tblConversions[Unit], "") -> tonne | G77: 0 | H77: 0.005 | I77: =G77+H77 -> 0.005 | J77: =_xlfn.XLOOKUP(B77, tblConversions[Item], tblConversions[Multiplier], 0) -> 1 | K77: =_xlfn.XLOOKUP(B77, tblConversions[Item], tblConversions[GHG Factor (t CO2e per Unit)], 0) -> 0 | L77: =I77*J77 -> 0.005 | M77: NA | N77: =G77*J77 -> 0 | O77: =H77*J77 -> 0.005
B78: Solvents used in finishing (Hazardous) | C78: Waste | D78: =_xlfn.XLOOKUP(B78, tblConversions[Item], tblConversions[Category], "") -> Incineration | E78: =_xlfn.XLOOKUP(B78, tblConversions[Item], tblConversions[Type], "") -> Hazardous Waste | F78: =_xlfn.XLOOKUP(B78, tblConversions[Item], tblConversions[Unit], "") -> tonne | G78: 0 | H78: 0.025 | I78: =G78+H78 -> 0.025 | J78: =_xlfn.XLOOKUP(B78, tblConversions[Item], tblConversions[Multiplier], 0) -> 1 | K78: =_xlfn.XLOOKUP(B78, tblConversions[Item], tblConversions[GHG Factor (t CO2e per Unit)], 0) -> 1.2 | L78: =I78*J78 -> 0.025 | M78: NA | N78: =G78*J78 -> 0 | O78: =H78*J78 -> 0.025
B79: Dyestuffs and pigments containing hazardous substances | C79: Waste | D79: =_xlfn.XLOOKUP(B79, tblConversions[Item], tblConversions[Category], "") -> Incineration | E79: =_xlfn.XLOOKUP(B79, tblConversions[Item], tblConversions[Type], "") -> Hazardous Waste | F79: =_xlfn.XLOOKUP(B79, tblConversions[Item], tblConversions[Unit], "") -> tonne | G79: 0 | H79: 0.025 | I79: =G79+H79 -> 0.025 | J79: =_xlfn.XLOOKUP(B79, tblConversions[Item], tblConversions[Multiplier], 0) -> 1 | K79: =_xlfn.XLOOKUP(B79, tblConversions[Item], tblConversions[GHG Factor (t CO2e per Unit)], 0) -> 1.2 | L79: =I79*J79 -> 0.025 | M79: NA | N79: =G79*J79 -> 0 | O79: =H79*J79 -> 0.025
B80: Sludges from on-site treatment (hazardous) | C80: Waste | D80: =_xlfn.XLOOKUP(B80, tblConversions[Item], tblConversions[Category], "") -> Incineration | E80: =_xlfn.XLOOKUP(B80, tblConversions[Item], tblConversions[Type], "") -> Hazardous Waste | F80: =_xlfn.XLOOKUP(B80, tblConversions[Item], tblConversions[Unit], "") -> tonne | G80: 0 | H80: 0.025 | I80: =G80+H80 -> 0.025 | J80: =_xlfn.XLOOKUP(B80, tblConversions[Item], tblConversions[Multiplier], 0) -> 1 | K80: =_xlfn.XLOOKUP(B80, tblConversions[Item], tblConversions[GHG Factor (t CO2e per Unit)], 0) -> 1.2 | L80: =I80*J80 -> 0.025 | M80: NA | N80: =G80*J80 -> 0 | O80: =H80*J80 -> 0.025
C81: =_xlfn.XLOOKUP(B81, tblConversions[Item], tblConversions[State], "" )
A82: D.3 | B82: Materials Used | C82: =_xlfn.XLOOKUP(B82, tblConversions[Item], tblConversions[State], "" )
C83: =_xlfn.XLOOKUP(B83, tblConversions[Item], tblConversions[State], "" ) | G83: RECYCLED / REUSED | H83: VIRGIN MATERIALS | I83: TOTAL QUANTITY | J83: VOLUME FACTOR (1= TONNES) | K83: GHG MULTIPLIER | L83: TOTAL PROCESSED QUANTITY | M83: NA | N83: TOTAL RECYCLED QUANTITY | O83: TOTAL VIRGIN QUANTITY
B84: Plastic embellishments used in manufacturing | C84: =_xlfn.XLOOKUP(B84, tblConversions[Item], tblConversions[State], "" ) -> Material | D84: =_xlfn.XLOOKUP(B84, tblConversions[Item], tblConversions[Category], "") -> Virgin | E84: =_xlfn.XLOOKUP(B84, tblConversions[Item], tblConversions[Type], "") -> Manufacturing | F84: =_xlfn.XLOOKUP(B84, tblConversions[Item], tblConversions[Unit], "") -> tonnes | G84: 0 | H84: 0.5 | I84: =G84+H84 -> 0.5 | J84: =_xlfn.XLOOKUP(B84, tblConversions[Item], tblConversions[Multiplier], 0) -> 1 | K84: =_xlfn.XLOOKUP(B84, tblConversions[Item], tblConversions[GHG Factor (t CO2e per Unit)], 0) -> 0 | L84: =I84*J84 -> 0.5 | M84: NA | N84: =G84*J84 -> 0 | O84: =H84*J84 -> 0.5
B85: Fabric used in manufacturing | C85: =_xlfn.XLOOKUP(B85, tblConversions[Item], tblConversions[State], "" ) -> Material | D85: VIRGIN+RECYCLED | E85: =_xlfn.XLOOKUP(B85, tblConversions[Item], tblConversions[Type], "") -> Manufacturing | F85: =_xlfn.XLOOKUP(B85, tblConversions[Item], tblConversions[Unit], "") -> tonnes | G85: 20 | H85: 150 | I85: =G85+H85 -> 170 | J85: =_xlfn.XLOOKUP(B85, tblConversions[Item], tblConversions[Multiplier], 0) -> 1 | K85: =_xlfn.XLOOKUP(B85, tblConversions[Item], tblConversions[GHG Factor (t CO2e per Unit)], 0) -> 0 | L85: =I85*J85 -> 170 | M85: NA | N85: =G85*J85 -> 20 | O85: =H85*J85 -> 150
B86: Wrapping, trays, containers | C86: =_xlfn.XLOOKUP(B86, tblConversions[Item], tblConversions[State], "" ) -> Material | D86: =_xlfn.XLOOKUP(B86, tblConversions[Item], tblConversions[Category], "") -> Single-Use | E86: =_xlfn.XLOOKUP(B86, tblConversions[Item], tblConversions[Type], "") -> Packaging | F86: =_xlfn.XLOOKUP(B86, tblConversions[Item], tblConversions[Unit], "") -> tonnes | G86: 2 | H86: 0 | I86: =G86+H86 -> 2 | J86: =_xlfn.XLOOKUP(B86, tblConversions[Item], tblConversions[Multiplier], 0) -> 1 | K86: =_xlfn.XLOOKUP(B86, tblConversions[Item], tblConversions[GHG Factor (t CO2e per Unit)], 0) -> 0 | L86: =I86*J86 -> 2 | M86: NA | N86: =G86*J86 -> 2 | O86: =H86*J86 -> 0
B87: Paper and Cardboard used in packaging | C87: =_xlfn.XLOOKUP(B87, tblConversions[Item], tblConversions[State], "" ) -> Material | D87: VIRGIN+RECYCLED | E87: =_xlfn.XLOOKUP(B87, tblConversions[Item], tblConversions[Type], "") -> Packaging | F87: =_xlfn.XLOOKUP(B87, tblConversions[Item], tblConversions[Unit], "") -> tonnes | G87: 5 | H87: 2 | I87: =G87+H87 -> 7 | J87: =_xlfn.XLOOKUP(B87, tblConversions[Item], tblConversions[Multiplier], 0) -> 1 | K87: =_xlfn.XLOOKUP(B87, tblConversions[Item], tblConversions[GHG Factor (t CO2e per Unit)], 0) -> 0 | L87: =I87*J87 -> 7 | M87: NA | N87: =G87*J87 -> 5 | O87: =H87*J87 -> 2
B88: Aluminum used in packaging | C88: =_xlfn.XLOOKUP(B88, tblConversions[Item], tblConversions[State], "" ) -> Material | D88: VIRGIN+RECYCLED | E88: =_xlfn.XLOOKUP(B88, tblConversions[Item], tblConversions[Type], "") -> Packaging | F88: =_xlfn.XLOOKUP(B88, tblConversions[Item], tblConversions[Unit], "") -> tonnes | G88: 2 | H88: 0.5 | I88: =G88+H88 -> 2.5 | J88: =_xlfn.XLOOKUP(B88, tblConversions[Item], tblConversions[Multiplier], 0) -> 1 | K88: =_xlfn.XLOOKUP(B88, tblConversions[Item], tblConversions[GHG Factor (t CO2e per Unit)], 0) -> 0 | L88: =I88*J88 -> 2.5 | M88: NA | N88: =G88*J88 -> 2 | O88: =H88*J88 -> 0.5
C89: =_xlfn.XLOOKUP(B89, tblConversions[Item], tblConversions[State], "" )
A90: E | B90: BIODIVERSITY | C90: =_xlfn.XLOOKUP(B90, tblConversions[Item], tblConversions[State], "" )
A91: E.1 | B91: Land Use | C91: =_xlfn.XLOOKUP(B91, tblConversions[Item], tblConversions[State], "" )
B92: Enter the values manually | C92: =_xlfn.XLOOKUP(B92, tblConversions[Item], tblConversions[State], "" ) | H92: AREA | I92: TOTAL QUANTITY | J92: Multiplier | K92: NA | L92: TOTAL CONVERTED AREA IN SQ. METRES
B93: Total Sealed Area | C93: =_xlfn.XLOOKUP(B93, tblConversions[Item], tblConversions[State], "" ) -> Manufacturing Plant | D93: =_xlfn.XLOOKUP(B93, tblConversions[Item], tblConversions[Category], "") -> Sealed | E93: =_xlfn.XLOOKUP(B93, tblConversions[Item], tblConversions[Type], "") -> Land Use | F93: =_xlfn.XLOOKUP(B93, tblConversions[Item], tblConversions[Unit], "") -> m2 | G93: 0 | H93: 30 | I93: =G93+H93 -> 30 | J93: =_xlfn.XLOOKUP(B93, tblConversions[Item], tblConversions[Multiplier], 0) -> 1 | K93: =_xlfn.XLOOKUP(B93, tblConversions[Item], tblConversions[GHG Factor (t CO2e per Unit)], 0) -> 0 | L93: =I93*J93 -> 30
B94: Total nature-oriented area on-site | C94: =_xlfn.XLOOKUP(B94, tblConversions[Item], tblConversions[State], "" ) -> Manufacturing Plant | D94: =_xlfn.XLOOKUP(B94, tblConversions[Item], tblConversions[Category], "") -> Sensitive Area | E94: =_xlfn.XLOOKUP(B94, tblConversions[Item], tblConversions[Type], "") -> Land Use | F94: =_xlfn.XLOOKUP(B94, tblConversions[Item], tblConversions[Unit], "") -> m2 | G94: 0 | H94: 200 | I94: =G94+H94 -> 200 | J94: =_xlfn.XLOOKUP(B94, tblConversions[Item], tblConversions[Multiplier], 0) -> 1 | K94: =_xlfn.XLOOKUP(B94, tblConversions[Item], tblConversions[GHG Factor (t CO2e per Unit)], 0) -> 0 | L94: =I94*J94 -> 200
B95: Total nature-oriented area off-site | C95: =_xlfn.XLOOKUP(B95, tblConversions[Item], tblConversions[State], "" ) -> Manufacturing Plant | D95: =_xlfn.XLOOKUP(B95, tblConversions[Item], tblConversions[Category], "") -> Sensitive Area | E95: =_xlfn.XLOOKUP(B95, tblConversions[Item], tblConversions[Type], "") -> Land Use | F95: =_xlfn.XLOOKUP(B95, tblConversions[Item], tblConversions[Unit], "") -> m2 | G95: 0 | H95: 50 | I95: =G95+H95 -> 50 | J95: =_xlfn.XLOOKUP(B95, tblConversions[Item], tblConversions[Multiplier], 0) -> 1 | K95: =_xlfn.XLOOKUP(B95, tblConversions[Item], tblConversions[GHG Factor (t CO2e per Unit)], 0) -> 0 | L95: =I95*J95 -> 50
A97: E.2 | B97: Resource Use | C97: =_xlfn.XLOOKUP(B97, tblConversions[Item], tblConversions[State], "" )
B98: Enter the values manually | H98: WATER USAGE | L98: TOTAL WATER USAGE
B99: Priority Raw Materials Sourced From Deforestation Free Areas | C99: =_xlfn.XLOOKUP(B99, tblConversions[Item], tblConversions[State], "" ) -> Biodiversity | D99: =_xlfn.XLOOKUP(B99, tblConversions[Item], tblConversions[Category], "") -> Sensitive Area | E99: =_xlfn.XLOOKUP(B99, tblConversions[Item], tblConversions[Type], "") -> Sourcing | F99: =_xlfn.XLOOKUP(B99, tblConversions[Item], tblConversions[Unit], "") -> tonnes | G99: 0 | H99: 1 | I99: =G99+H99 -> 1 | J99: =_xlfn.XLOOKUP(B99, tblConversions[Item], tblConversions[Multiplier], 0) -> 1 | K99: =_xlfn.XLOOKUP(B99, tblConversions[Item], tblConversions[GHG Factor (t CO2e per Unit)], 0) -> 0 | L99: =I99*J99 -> 1
B100: Groundwater From Non-high-water Stress Areas Last Financial Year | C100: =_xlfn.XLOOKUP(B100, tblConversions[Item], tblConversions[State], "" ) -> Biodiversity | D100: =_xlfn.XLOOKUP(B100, tblConversions[Item], tblConversions[Category], "") -> Sensitive Area | E100: =_xlfn.XLOOKUP(B100, tblConversions[Item], tblConversions[Type], "") -> Water Usage | F100: =_xlfn.XLOOKUP(B100, tblConversions[Item], tblConversions[Unit], "") -> m3 | G100: 0 | H100: 120 | I100: =G100+H100 -> 120 | J100: =_xlfn.XLOOKUP(B100, tblConversions[Item], tblConversions[Multiplier], 0) -> 1 | K100: =_xlfn.XLOOKUP(B100, tblConversions[Item], tblConversions[GHG Factor (t CO2e per Unit)], 0) -> 0 | L100: =I100*J100 -> 120
B101: Water Withdrawn From High Water-stress Areas Last Financial Year | C101: =_xlfn.XLOOKUP(B101, tblConversions[Item], tblConversions[State], "" ) -> Biodiversity | D101: =_xlfn.XLOOKUP(B101, tblConversions[Item], tblConversions[Category], "") -> Sensitive Area | E101: =_xlfn.XLOOKUP(B101, tblConversions[Item], tblConversions[Type], "") -> Water Usage | F101: =_xlfn.XLOOKUP(B101, tblConversions[Item], tblConversions[Unit], "") -> m3 | G101: 0 | H101: 65 | I101: =G101+H101 -> 65 | J101: =_xlfn.XLOOKUP(B101, tblConversions[Item], tblConversions[Multiplier], 0) -> 1 | K101: =_xlfn.XLOOKUP(B101, tblConversions[Item], tblConversions[GHG Factor (t CO2e per Unit)], 0) -> 0 | L101: =I101*J101 -> 65
...

Sheet Conversions
A1: Item | B1: State | C1: Type | D1: Unit | E1: Category | F1: Multiplier | G1: GHG Factor (t CO2e per Unit) | H1: Remarks | I1: Source2
A2: Electricity (Grid) | B2: Energy | C2: Non-Renewable | D2: MWh | E2: Scope 2: Location | F2: 1 | G2: 0.81 | H2: Multiplier = Energy Factor (MWh per Unit) | I2: Grid / Supplier
A3: Heating | B3: Energy | C3: Non-Renewable | D3: m3 | E3: Scope 2: Market | F3: 1 | G3: 0
A4: Cooling | B4: Energy | C4: Non-Renewable | D4: m3 | E4: Scope 2: Market | F4: 1 | G4: 0
A5: Kerosene | B5: Liquid | C5: Non-Renewable | D5: Litres | E5: Scope 1 | F5: 0.0097 | G5: 2.518 | H5: Multiplier = Energy Factor (MWh per Unit) | I5: DEFRA 2024 / NSE
A6: Diesel | B6: Liquid | C6: Non-Renewable | D6: Litres | E6: Scope 1 | F6: 0.0106 | G6: 2.66155 | H6: Multiplier = Energy Factor (MWh per Unit) | I6: EPA/DEFRA 2024
A7: LPG | B7: Liquid | C7: Non-Renewable | D7: kg | E7: Scope 1 | F7: 0.0137 | G7: 2.93936 | H7: Multiplier = Energy Factor (MWh per Unit) | I7: EPA/DEFRA 2024
A8: Natural Gas | B8: Gas | C8: Non-Renewable | D8: m³ | E8: Scope 1 | F8: 0.0108 | G8: 2.04542 | H8: Multiplier = Energy Factor (MWh per Unit) | I8: EPA/DEFRA 2024
A9: On-Site Solar | B9: Energy | C9: Renewable | D9: MWh | E9: Scope 1 | F9: 1 | G9: 0 | H9: Multiplier = Energy Factor (MWh per Unit)
A10: On-Site Wind Electricity | B10: Energy | C10: Renewable | D10: MWh | E10: Scope 1 | F10: 1 | G10: 0 | H10: Multiplier = Energy Factor (MWh per Unit)
A11: Refrigerant (R-32) | B11: Liquid | C11: Direct Fugitive Emissions | D11: kg | E11: Scope 1 | F11: 0 | G11: 675 | H11: No Multiplier applied | I11: TERI
A12: Purchased Goods | B12: NA | C12: Purchased Goods | D12: USD | E12: Scope 3 | F12: 0 | G12: 0.45 | H12: GHG Factor
A13: Upstream emissions from road transport | B13: NA | C13: Upstream Transport | D13: USD | E13: Scope 3 | F13: 0 | G13: 1.9836 | H13: GHG Factor = EEIO emission factor for Truck (rigid, >3.5-7.5t) in kg CO2e/$
A14: Upstream emissions from air transport | B14: NA | C14: Upstream Transport | D14: USD | E14: Scope 3 | F14: 0 | G14: 0.15 | H14: GHG Factor = EEIO emission factor forAir (long haul) in kg CO2e/$
A15: Upstream emissions from sea transport | B15: NA | C15: Upstream Transport | D15: USD | E15: Scope 3 | F15: 0 | G15: 0.05 | H15: GHG Factor= EEIO emission factor for Container 2,000–2,999 TEU in kg CO2e/$
A16: Business travel emissions from Flights | B16: NA | C16: Business Travels | D16: USD | E16: Scope 3 | F16: 0 | G16: 0.15 | H16: GHG Factor= EEIO emission factor for air travel in kg CO2e/$
A17: Business Travel emissions from Road Transport | B17: NA | C17: Business Travels | D17: USD | E17: Scope 3 | F17: 0 | G17: 1.9836 | H17: GHG Factor = 1.35 (CAD value of 1$US)* 1.469337284 kgCO2e/cad (OpenIO-Canada v2.9 — Canadian EEIO — for passengers cars in Canadial Dollar. Final value in kgCO2e/$
A18: Business Travel emissions from Rail Transport | B18: NA | C18: Business Travels | D18: USD | E18: Scope 3 | F18: 1 | G18: 0.7409532 | H18: GHG Factor = 1.35 (CAD value of 1$US)* 0.5488542212 kgCO2e/cad (OpenIO-Canada v2.9 — Canadian EEIO — for rail travel in Canadial Dollar. Final value in kgCO2e/$
A19: Carbon Credits | B19: NA | C19: GHG | D19: tCO2e | E19: Removals | F19: 0 | G19: -1000 | H19: Negative value under GHG Factor is used to subtract carbon credits
A20: Air pollutant Nitrogen Oxides (NOx) in kg | B20: Gas | C20: NOx | D20: kg | E20: Air Emission | F20: 1 | G20: 0 | H20: Source is a type of pollutant. Change Multiplier to 1000 if value added in tonnes, else use 1 if emissions value is reported in kg
A21: Air pollutant Sulhur Oxides (SOx) in kg | B21: Gas | C21: SOx | D21: kg | E21: Air Emission | F21: 1 | G21: 0 | H21: Source is a type of pollutant. Change Multiplier to 1000 if value added in tonnes, else use 1 if emissions value is reported in kg
A22: Particulate Matter (PM10/PM2.5) in kg | B22: Particles | C22: PM10/PM2.5 | D22: kg | E22: Air Emission | F22: 1 | G22: 0 | H22: Source is a type of pollutant. Change Multiplier to 1000 if value added in tonnes, else use 1 if emissions value is reported in kg
A23: Emissions to water in kg (for e.g. Nitrates) | B23: Liquid | C23: Wastewater | D23: kg | E23: Water Emission | F23: 1 | G23: 0 | H23: For e.g. Nitrates
... A26: Municipal Water | B26: Liquid | C26: Water | D26: m3 | E26: Withdrawal | F26: 1 | G26: 0 | H26: Use 0.001 as multiplier to converts litres to m3
A27: Marine resources extracted and utilised (gravels, deep-sea minerals, seafood, etc) | B27: NA | C27: Resources | D27: Tonnes | E27: Resource Use | F27: 1 | G27: 0
A28: Sea Water Used | B28: Liquid | C28: Water | D28: m3 | E28: Withdrawal | F28: 1 | G28: 0 | H28: Use 0.001 as multiplier to converts litres to m3
A29: Wastewater | B29: Liquid | C29: Wastewater | D29: m3 | E29: Discharge | F29: 1 | G29: 0 | H29: Use 0.001 as multiplier to converts litres to m3
A30: Watewater to oceans | B30: Liquid | C30: Wastewater | D30: m3 | E30: Discharge | F30: 1 | G30: 0 | H30: Use 0.001 as multiplier to converts litres to m3
A31: PFAS (SVHC) in effluents | B31: Material | C31: Hazardous Waste | D31: tonne | E31: Water Emission | F31: 1 | G31: 0 | H31: To convert value into tonnes
A32: Paper and Cardboard | B32: Material | C32: Non-Hazardous Waste | D32: tonne | E32: Reused | F32: 1 | G32: 0.021
A33: Composite materials | B33: Material | C33: Non-Hazardous Waste | D33: tonne | E33: Landfilling | F33: 1 | G33: 1.2 | H33: Includes items like impregnated textile, elastomer, etc;
A34: Organic matter from natural products | B34: Material | C34: Non-Hazardous Waste | D34: tonne | E34: Landfilling | F34: 1 | G34: 1.2 | H34: For example, items likegrease, wax, etc;
A35: Solvents used in finishing (hazardous) | B35: Material | C35: Hazardous Waste | D35: tonne | E35: Incineration | F35: 1 | G35: 1.2
A36: Solvents used in finishing (non-hazardous) | B36: Material | C36: Non-Hazardous Waste | D36: tonne | E36: Landfilling | F36: 1 | G36: 1.2
A37: Dyestuffs and pigments containing hazardous substances | B37: Material | C37: Hazardous Waste | D37: tonne | E37: Incineration | F37: 1 | G37: 1.2
A38: Non-hazardous dyestuffs and pigments | B38: Material | C38: Non-Hazardous Waste | D38: tonne | E38: Landfilling | F38: 1 | G38: 1.2
A39: Sludges from on-site treatment (hazardous) | B39: Material | C39: Hazardous Waste | D39: tonne | E39: Incineration | F39: 1 | G39: 1.2
A40: Sludges from on-site treatment (non-hazardous) | B40: Material | C40: Non-Hazardous Waste | D40: tonne | E40: Landfilling | F40: 1 | G40: 1.2
A41: Unprocessed textile fibres | B41: Material | C41: Non-Hazardous Waste | D41: tonne | E41: Reused | F41: 1 | G41: 1.2
A42: Wastes from processed textile fibres | B42: Material | C42: Non-Hazardous Waste | D42: tonne | E42: Recycled | F42: 1 | G42: 1.2
A43: Unpsecificied non-hazardous waste | B43: Material | C43: Non-Hazardous Waste | D43: tonne | E43: Recycled | F43: 1 | G43: 1.2
A44: Textile Fabric | B44: Material | C44: Non-Hazardous Waste | D44: tonne | E44: Reused | F44: 1 | G44: 1.2
A45: Aluminum waste from packaging | B45: Material | C45: Non-Hazardous Waste | D45: tonnes | E45: Recycled | F45: 1 | G45: 0
A46: Wrapping, trays, containers | B46: Material | C46: Packaging | D46: tonnes | E46: Single-Use | F46: 1 | G46: 0
... A59: Municipal Water Usage Last Financial Year | B59: Biodiversity | C59: Water Usage | D59: m3 | E59: Sensitive Area | F59: 1 | G59: 0

Sheet ROUGH
B1: UNIT | C1: UNIT | D1: RECYCLED VS DISPOSED RATIO | E1: ACTUAL RATIO | F1: ROUNDED FIGURE
B2: cubic metres | C2: m3 | D2: RECYCLED | E2: =(SUM(Inputs!N63:N73, Inputs!N77:N80)) / GCD((SUM(Inputs!N63:N73, Inputs!N77:N80)), (SUM(Inputs!O63:O73, Inputs!O77:O80))) -> 7.505 | F2: 7.5
B3: Metric Tonnes | C3: MT | D3: DISPOSED | E3: =(SUM(Inputs!O63:O73, Inputs!O77:O80)) / GCD((SUM(Inputs!N63:N73, Inputs!N77:N80)), (SUM(Inputs!O63:O73, Inputs!O77:O80))) -> 5.1275 | F3: 5.1
B4: square meteres | C4: m2
C6: ERROR
C7: OK
